{"cameraMode":{"drawMode":0,"name":"Shaded","section":"Shading Mode"},"sceneLighting":true,"audioPlay":false,"sceneViewState":{"showFog":true,"showMaterialUpdate":false,"showSkybox":true,"showFlares":true,"showImageEffects":true,"showParticleSystems":true},"in2DMode":false,"pivot":{"x":-26.096694946289064,"y":-3.850982666015625,"z":-26.444320678710939},"rotation":{"x":-0.4251313805580139,"y":-0.5601720213890076,"z":0.41005879640579226,"w":-0.5809644460678101},"size":291.460693359375,"orthographic":false}